Var1,Var2,Var3
0.187429815,C,1
0.774548206,B,0
0.587107566,B,2
0.581950779,C,1
0.50961375,C,3
0.741330019,C,2
0.237689355,C,1
0.089073684,B,4
0.154457724,A,4
0.021407403,C,0
0.239639307,C,1
0.991775969,B,3
0.320757312,C,0
0.653116466,C,0
0.24349675,A,4
0.298134848,C,1
0.703882599,A,1
0.732051656,A,3
0.68562747,B,2
0.085220199,C,1
